address,amenities,lat,link,lon,name,price,prize_range,size,tenure
"taman asas, Selangor","4 Bedroom(s),2 Bathroom(s)",2.796412,https://www.iproperty.com.my/property/semi-detached-house-banting-premium-5522909,101.513908,"Taman Asas, Banting","RM 380,000",High,"1,056 sq. ft.",Freehold
Selangor,"3 Bedroom(s),2 Bathroom(s)",3.231699,https://www.iproperty.com.my/property/oasis-1-kajang-4023886,101.684647,"Oasis 1, Mutiara Heights, Kajang","RM 377,360",High,"1,250 sq. ft.",Freehold
"sasaran jeram, 45800, Selangor","4 Bedroom(s),3 Bathroom(s)",3.257203,https://www.iproperty.com.my/property/2-sty-terrace-link-house-kuala-selangor-premium-5495721,101.308322,"Sasaran Jeram, Kuala Selangor","RM 373,000",High,"2,077 sq. ft.",Freehold
"Jalan medan putra, Bandar Manjalara, Kuala Lumpur, 52100, Ku...","3+1 Bedroom(s),2 Bathroom(s),1 Parking Bay(s)",3.211229,https://www.iproperty.com.my/property/avelon-tower-plaza-medan-putra-kepong-5187272,101.638505,"Avelon Tower, Plaza Medan Putra, Bandar Menja..","RM 355,000",High,808 sq. ft.,Freehold
"Plaza Medan Putra,Jln Putra Medan 6,Bdr Menjalara, 52200, Ku...","3 Bedroom(s),2 Bathroom(s),1 Parking Bay(s)",3.191454,https://www.iproperty.com.my/property/beverly-2-kepong-4785674,101.623975,"Beverly 2, Bandar Menjalara, Kepong","RM 355,000",High,808 sq. ft.,Freehold
"Jalan Puchong, Off Old Klang Road, 58200, Kuala Lumpur","3 Bedroom(s),2 Bathroom(s),2 Parking Bay(s)",3.075766,https://www.iproperty.com.my/property/oug-parklane-old-klang-road-5462324,101.664367,"Oug Parklane, Old Klang Road","RM 380,000",High,950 sq. ft.,Freehold
"Jalan Kampung Bandar Dalam, 51000 Sentul, 51000, Kuala Lumpu...","3+1 Bedroom(s),2 Bathroom(s),1 Parking Bay(s)",3.200291,https://www.iproperty.com.my/property/sri-suajaya-condominium-sentul-4830897,101.69103,"Sri Suajaya Condominium, Sentul","RM 375,000",High,"1,180 sq. ft.",Freehold
"Jalan Puchong, Off Old Klang Road, 58200, Kuala Lumpur","3 Bedroom(s),2 Bathroom(s),2 Parking Bay(s)",3.068471,https://www.iproperty.com.my/property/oug-parklane-old-klang-road-5328762,101.656483,"Oug Parklane, Old Klang Road","RM 375,000",High,950 sq. ft.,Freehold
Kuala Lumpur,"3 Bedroom(s),2 Bathroom(s),2 Parking Bay(s)",3.045976,https://www.iproperty.com.my/property/green-suria-apartment-cheras-4735258,101.744935,"Green Suria Apartment, Bandar Tun Hussein Onn..","RM 345,300",High,"1,027 sq. ft.",Freehold
"Jalan Barat, Bandar Bukit Jalil, 57000, Kuala Lumpur","3 Bedroom(s),2 Bathroom(s),1 Parking Bay(s)",3.052765,https://www.iproperty.com.my/property/arena-green-bukit-jalil-5465162,101.687833,"Arena Green, Bukit Jalil","RM 375,000",High,878 sq. ft.,Freehold
"Jalan Cu 1/A, 56100, Selangor","3+1 Bedroom(s),2 Bathroom(s)",3.053655,https://www.iproperty.com.my/property/green-suria-apartment-cheras-4382021,101.766085,"Green Suria Apartment, Taman Cheras Utama, Ch..","RM 333,800",High,"1,024 sq. ft.",Freehold
"Kipark Damansara, 52200 Kepong, WP Kuala Lumpur, 52200, Kual...","3 Bedroom(s),2 Bathroom(s),1 Parking Bay(s)",3.206151,https://www.iproperty.com.my/property/suria-kipark-damansara-kepong-5427780,101.609244,"Suria Kipark Damansara, Kepong","RM 335,000",High,948 sq. ft.,Freehold
"Jalan Putra 6, Bandar Menjalara, 52200, Kuala Lumpur","3 Bedroom(s),2 Bathroom(s),1 Parking Bay(s)",3.191868,https://www.iproperty.com.my/property/plaza-medan-putra-kepong-5433432,101.624116,"Plaza Medan Putra, Kuala Lumpur, Kepong","RM 338,000",High,822 sq. ft.,Freehold
"Jalan Puri, Desa Aman Puri, 52100 Kepong, WP Kuala, 52200, K...","3 Bedroom(s),2 Bathroom(s),1 Parking Bay(s)",3.212556,https://www.iproperty.com.my/property/perdana-puri-kepong-5427819,101.613417,"Perdana Puri, Kepong","RM 335,000",High,903 sq. ft.,Freehold
"Jalan Puchong, Off Old Klang Road, 58200, Kuala Lumpur","3 Bedroom(s),2 Bathroom(s)",,https://www.iproperty.com.my/property/oug-parklane-old-klang-road-4273919,,"Oug Parklane, Old Klang Road","RM 355,000",High,950 sq. ft.,Freehold
"Jalan Barat, Bandar Bukit Jalil, 57000, Kuala Lumpur","2 Bedroom(s),1 Bathroom(s),1 Parking Bay(s)",3.052765,https://www.iproperty.com.my/property/arena-green-bukit-jalil-5557767,101.687833,"Arena Green, Bukit Jalil","RM 309,998",High,680 sq. ft.,Freehold
"Jalan Barat, Bandar Bukit Jalil, 57000, Kuala Lumpur","3 Bedroom(s),2 Bathroom(s),1 Parking Bay(s)",3.054633,https://www.iproperty.com.my/property/arena-green-bukit-jalil-5512859,101.69134,"Arena Green, Bukit Jalil","RM 369,000",High,878 sq. ft.,Freehold
"Jalan 34/38A, Taman Sri Bintang, Bandar Manjalara, 51200, Ku...","3 Bedroom(s),2 Bathroom(s),1 Parking Bay(s)",3.186158,https://www.iproperty.com.my/property/nova-ii-segambut-3307281,101.647587,"Nova Ii, Taman Sri Sinar, Nova 2, Segambut Da..","RM 325,000",High,833 sq. ft.,Freehold
"Jalan Trolak 9, Taman Sri Kuching, 51200 Segambut,, 51200, K...","3 Bedroom(s),2 Bathroom(s),1 Parking Bay(s)",3.194989,https://www.iproperty.com.my/property/pangsapuri-seri-gembira-segambut-4956237,101.674486,"Pangsapuri Seri Gembira, Segambut","RM 330,000",High,986 sq. ft.,Freehold
"Jalan 3/155A, Bukit OUG, 58200 Jalan Klang Lama, 58200, Kual...","1+1 Bedroom(s),1 Bathroom(s),1 Parking Bay(s)",3.062739,https://www.iproperty.com.my/property/bukit-oug-condominiums-jalan-klang-lama-5523570,101.667416,"Bukit Oug Condominiums, Jalan Klang Lama","RM 320,000",High,791 sq. ft.,Freehold
"Jalan Trolak 9, Taman Sri Kuching, 51200 Segambut,, 51200, K...","3 Bedroom(s),2 Bathroom(s),1 Parking Bay(s)",3.19491,https://www.iproperty.com.my/property/pangsapuri-seri-gembira-segambut-5255304,101.674436,"Pangsapuri Seri Gembira, Segambut","RM 305,000",High,970 sq. ft.,Freehold
Kuala Lumpur,"3 Bedroom(s),2 Bathroom(s),1 Parking Bay(s)",3.194485,https://www.iproperty.com.my/property/sd-tiara-apartment-bandar-sri-damansara-5314267,101.615177,"Sd Tiara Apartment, Sri Damansara, Bandar Sri..","RM 318,000",High,830 sq. ft.,Freehold
"Jalan 57, Taman Desa Jaya, 51200, Kuala Lumpur","3 Bedroom(s),2 Bathroom(s)",3.211093,https://www.iproperty.com.my/property/kepong-central-condominium-kepong-4219604,101.629808,"Kepong Central Condominium, Kepong","RM 350,000",High,960 sq. ft.,Freehold
"Jalan Sri Hartamas 17, Taman Sri Hartamas, 50480 S, 50480, K...","Studio Bedroom(s),1 Bathroom(s)",3.164661,https://www.iproperty.com.my/property/mayfair-apartment-sri-hartamas-2926536,101.656923,"Mayfair Apartment, Sri Hartamas","RM 320,000",High,406 sq. ft.,Freehold
"No. 3, Persiaran Meranti, PJU 9,, 41050, Kuala Lumpur","3 Bedroom(s),2 Bathroom(s),1 Parking Bay(s)",3.188519,https://www.iproperty.com.my/property/sd-apartments-ii-bandar-sri-damansara-5516111,101.602509,"Sd Apartments Ii, Bandar Sri Damansara","RM 345,000",High,808 sq. ft.,Freehold
"Jalan Prima Pelangi, Bukit Prima Pelangi, 52200, Kuala Lumpu...","3+1 Bedroom(s),2 Bathroom(s),1 Parking Bay(s)",3.177603,https://www.iproperty.com.my/property/bougainvilla-segambut-segambut-3978825,101.64627,"Bougainvilla, Segambut, Bukit Prima Pelangi, ..","RM 360,000",High,"1,163 sq. ft.",Freehold
"Jalan 1/130, 58200, Kuala Lumpur","3 Bedroom(s),2 Bathroom(s),1 Parking Bay(s)",3.084035,https://www.iproperty.com.my/property/meadow-park-2-jalan-klang-lama-5413950,101.678281,"Meadow Park 2, Jalan Klang Lama","RM 365,000",High,930 sq. ft.,Freehold
"Jalan Genting Kelang, Setapak, 53300, Kuala Lumpur","3 Bedroom(s),2 Bathroom(s),2 Parking Bay(s)",3.197378,https://www.iproperty.com.my/property/sri-pelangi-condominiums-setapak-5329738,101.713184,"Sri Pelangi Condominiums, Setapak","RM 380,000",High,931 sq. ft.,Freehold
"Jalan Sri Hartamas 17, Taman Sri Hartamas, 50480 S, 50480, K...","Studio Bedroom(s),1 Bathroom(s)",3.164661,https://www.iproperty.com.my/property/mayfair-apartment-sri-hartamas-4907738,101.656923,"Mayfair Apartment, Sri Hartamas","RM 350,000",High,410 sq. ft.,Freehold
"Jalan Sentul Pasar, Sentul,, 51000, Kuala Lumpur","2 Bedroom(s),2 Bathroom(s),1 Parking Bay(s)",3.20225,https://www.iproperty.com.my/property/sentul-point-sentul-5544195,101.689833,"Sentul Point, Sentul","RM 365,000",High,743 sq. ft.,Freehold
"Jalan Mas 1, Kinrara Mas, 47100, Kuala Lumpur","3 Bedroom(s),2 Bathroom(s),1 Parking Bay(s)",3.061098,https://www.iproperty.com.my/property/kinrara-mas-bukit-jalil-5536752,101.649411,"Kinrara Mas, Bandar Kirara, Bukit Jalil","RM 380,000",High,"1,091 sq. ft.",Freehold
"Jalan 9/48A, Sentul Pasar, 51000 Sentul, 51000, Kuala Lumpur","3 Bedroom(s),2 Bathroom(s),1 Parking Bay(s)",3.189622,https://www.iproperty.com.my/property/mutiara-sentul-sentul-5550432,101.691899,"Mutiara Sentul, Sentul","RM 380,000",High,935 sq. ft.,Freehold
"jalan Rawang Putra 8, 48000, Selangor","3 Bedroom(s),2 Bathroom(s),6 Parking Bay(s)",3.323338,https://www.iproperty.com.my/property/townhouse-rawang-5481695,101.583811,"Taman Bukit Rawang Putra, Rawang","RM 320,000",High,"1,999 sq. ft.",Freehold
"Jalan Sri Hartamas 17, Taman Sri Hartamas, 50480 S, 50480, K...","Studio Bedroom(s),1 Bathroom(s),1 Parking Bay(s)",3.164661,https://www.iproperty.com.my/property/mayfair-apartment-sri-hartamas-5536678,101.656923,"Mayfair Apartment, Sri Hartamas","RM 360,000",High,429 sq. ft.,Freehold
"No. 3, Persiaran Meranti, PJU 9,, 41050, Kuala Lumpur","3 Bedroom(s),2 Bathroom(s),1 Parking Bay(s)",3.188519,https://www.iproperty.com.my/property/sd-apartments-ii-bandar-sri-damansara-5555000,101.602509,"Sd Apartments Ii, Bandar Sri Damansara","RM 305,000",High,807 sq. ft.,Freehold
"No.2 Jalan 6/38A, 51200, Kuala Lumpur","3 Bedroom(s),2 Bathroom(s)",3.185884,https://www.iproperty.com.my/property/prima-tiara-ii-segambut-3828812,101.652486,"Prima Tiara Ii, Segambut","RM 380,000",High,918 sq. ft.,Freehold
Kuala Lumpur,"3 Bedroom(s),2 Bathroom(s)",3.191726,https://www.iproperty.com.my/property/2-sty-terrace-link-house-segambut-5175436,101.673387,"Taman Segambut Muda Damai , Sri Sinar, Segamb..","RM 370,000",High,880 sq. ft.,Freehold
"Jalan 34/38A, Taman Sri Bintang, 51200, Kuala Lumpur","3 Bedroom(s),2 Bathroom(s),1 Parking Bay(s)",3.185914,https://www.iproperty.com.my/property/nova-ii-segambut-5376253,101.64793,"Nova Ii, Segambut","RM 328,000",High,833 sq. ft.,Freehold
"Jalan medan putra, Bandar Manjalara, Kuala Lumpur, 52100, Ku...","3 Bedroom(s),2 Bathroom(s),1 Parking Bay(s)",3.193701,https://www.iproperty.com.my/property/avelon-tower-plaza-medan-putra-kepong-4737175,101.626432,"Avelon Tower, Plaza Medan Putra, Bandar Menja..","RM 360,000",High,808 sq. ft.,Freehold
"Jalan Puchong, Off Old Klang Road, 58200, Kuala Lumpur","3 Bedroom(s),2 Bathroom(s),1 Parking Bay(s)",3.068471,https://www.iproperty.com.my/property/oug-parklane-old-klang-road-4676873,101.656483,"Oug Parklane, Old Klang Road","RM 355,000",High,950 sq. ft.,Freehold
"Jalan Puchong, Off Old Klang Road, 58200, Kuala Lumpur","3 Bedroom(s),2 Bathroom(s),1 Parking Bay(s)",3.068471,https://www.iproperty.com.my/property/oug-parklane-old-klang-road-5206007,101.656483,"Oug Parklane, Old Klang Road","RM 350,000",High,950 sq. ft.,Freehold
"Jalan Puchong, Off Old Klang Road, 58200, Kuala Lumpur","3 Bedroom(s),2 Bathroom(s),1 Parking Bay(s)",3.068471,https://www.iproperty.com.my/property/oug-parklane-old-klang-road-4864311,101.656483,"Oug Parklane, Old Klang Road","RM 355,000",High,950 sq. ft.,Freehold
"Jalam Gombak Sejahtera, Gombak, 53000, Kuala Lumpur","2 Bedroom(s),1 Bathroom(s)",3.19802,https://www.iproperty.com.my/property/mh-platinum-residences-setapak-4984023,101.705541,"Mh Platinum Residences, Setapak","RM 350,000",High,684 sq. ft.,Freehold
"No. 3, Persiaran Meranti, PJU 9,, 41050, Kuala Lumpur","3 Bedroom(s),2 Bathroom(s),1 Parking Bay(s)",3.188519,https://www.iproperty.com.my/property/sd-apartments-ii-bandar-sri-damansara-5554417,101.602509,"Sd Apartments Ii, Bandar Sri Damansara","RM 350,000",High,820 sq. ft.,Freehold
"Jalan Sri Hartamas 17, Taman Sri Hartamas, 50480 S, 50480, K...","Studio Bedroom(s),1 Bathroom(s)",3.164019,https://www.iproperty.com.my/property/dorchester-apartment-sri-hartamas-5324828,101.655657,"Dorchester Apartment, Sri Hartamas","RM 340,000",High,410 sq. ft.,Freehold
"No. 3, Persiaran Meranti, PJU 9,, 41050, Kuala Lumpur","3 Bedroom(s),2 Bathroom(s),1 Parking Bay(s)",3.187044,https://www.iproperty.com.my/property/sd-apartments-ii-bandar-sri-damansara-5518387,101.603204,"Sd Apartments Ii, Bandar Sri Damansara","RM 308,000",High,800 sq. ft.,Freehold
"Jln Kuchai Jaya 1, Taman Kuchai Jaya, 58200, Kuala Lumpur","1 Bedroom(s),1 Bathroom(s),1 Parking Bay(s)",3.091627,https://www.iproperty.com.my/property/spring-avenue-kuchai-lama-5466541,101.685567,"Spring Avenue, Kuchai Lama","RM 370,000",High,538 sq. ft.,Freehold
"Jalan Sri Ehsan 1 off lebuh raya selayang, 52100, Kuala Lump...","3 Bedroom(s),3 Bathroom(s),1 Parking Bay(s)",3.212559,https://www.iproperty.com.my/property/apartment-ria-kepong-4976094,101.627523,"Apartment Ria, Kepong","RM 340,000",High,916 sq. ft.,Freehold
"Jalan Puchong, Off Old Klang Road, 58200, Kuala Lumpur","3 Bedroom(s),2 Bathroom(s),1 Parking Bay(s)",3.068471,https://www.iproperty.com.my/property/oug-parklane-old-klang-road-5509122,101.656483,"Oug Parklane, Old Klang Road","RM 350,000",High,950 sq. ft.,Freehold
"Jalan Subang 1, 47600, Selangor","1+2 Bedroom(s),2 Bathroom(s),1 Parking Bay(s)",3.054587,https://www.iproperty.com.my/property/casa-subang-subang-jaya-5477190,101.594824,"Casa Subang, Usj1, Subang Jaya","RM 315,000",High,682 sq. ft.,Freehold
"No. 4, Jalan Sri Jati 3, Taman Sri Jati, 58200 Jal, 58200, K...","3 Bedroom(s),2 Bathroom(s),1 Parking Bay(s)",3.075123,https://www.iproperty.com.my/property/pangsapuri-tulin-jalan-klang-lama-2003094,101.663766,"Pangsapuri Tulin, Jalan Klang Lama","RM 350,000",High,820 sq. ft.,Freehold
"Jalan Kelisa 2, 43500, Selangor","3 Bedroom(s),2 Bathroom(s),2 Parking Bay(s)",2.951058,https://www.iproperty.com.my/property/kajang-parc-kajang-5164531,101.792093,"Kajang Parc, Kajang","RM 300,000",High,"1,023 sq. ft.",Freehold
"JLN SEJAHTERA 5/1 serdang heights, 43300, Selangor","3 Bedroom(s),2 Bathroom(s),2 Parking Bay(s)",3.027944,https://www.iproperty.com.my/property/cahaya-villa-residence-seri-kembangan-3091071,101.690619,"Cahaya Villa Residence, Bukit Serdang, Seri K..","RM 350,000",High,875 sq. ft.,Freehold
"Jalan Penghulu, Bandar Mahkota Cheras , Selangor","3 Bedroom(s),2 Bathroom(s)",2.825768,https://www.iproperty.com.my/property/vista-mahkota-cheras-4801371,101.564402,"Vista Mahkota, Cheras South, Cheras","RM 320,000",High,868 sq. ft.,Freehold
"Jalan PJU 1A/3, Ara Damansara, 47301, Selangor","Studio Bedroom(s),1 Bathroom(s),1 Parking Bay(s)",3.122806,https://www.iproperty.com.my/property/maisson-ara-damansara-5414356,101.583772,"Maisson, Ara Damansara","RM 360,000",High,500 sq. ft.,Freehold
"Jalan Setia Permai U13 40170 Shah Alam, 40170, Selangor","3 Bedroom(s),2 Bathroom(s),2 Parking Bay(s)",3.105324,https://www.iproperty.com.my/property/seri-pinang-setia-alam-5559129,101.462881,"Seri Pinang, Shah Alam, Setia Alam","RM 310,000",High,850 sq. ft.,Freehold
"Jalan Puri, Desa Aman Puri, 52100 Kepong, WP Kuala, 52200, K...","3 Bedroom(s),2 Bathroom(s),1 Parking Bay(s)",3.213007,https://www.iproperty.com.my/property/perdana-puri-kepong-4067123,101.612964,"Perdana Puri, Kepong","RM 330,000",High,906 sq. ft.,Freehold
"Jalan Sri Hartamas 17, Taman Sri Hartamas, 50480 S, 50480, K...","Studio Bedroom(s),1 Bathroom(s)",3.164019,https://www.iproperty.com.my/property/dorchester-apartment-sri-hartamas-5551488,101.655657,"Dorchester Apartment, Sri Hartamas","RM 370,000",High,410 sq. ft.,Freehold
"Jalan PJU 1A/3, Ara Damansara, 47301, Selangor","Studio Bedroom(s),1 Bathroom(s),1 Parking Bay(s)",3.122416,https://www.iproperty.com.my/property/maisson-ara-damansara-5190375,101.589154,"Maisson, Ara Damansara","RM 368,000",High,500 sq. ft.,Freehold
"Hussein Onn, Cheras Perdana, Selangor","3 Bedroom(s),2 Bathroom(s),1 Parking Bay(s)",3.047354,https://www.iproperty.com.my/property/cheras-perdana-ria-apartment-cheras-5231713,101.771164,"Cheras Perdana Ria Apartment, D Puncak Suasan..","RM 335,000",High,"1,088 sq. ft.",Freehold
"Jalan Panglima, Persiaran Mahkota Cheras 1, Selangor","3 Bedroom(s),2 Bathroom(s)",3.052011,https://www.iproperty.com.my/property/suria-court-cheras-5389579,101.782752,"Suria Court, Cheras South, Cheras","RM 330,000",High,"1,104 sq. ft.",Freehold
"Jalan Wangsa 2/6, 52200, Kuala Lumpur","3 Bedroom(s),2 Bathroom(s),1 Parking Bay(s)",3.209579,https://www.iproperty.com.my/property/vista-saujana-kepong-5020402,101.611626,"Vista Saujana, Taman Wangsa Permai, Kepong","RM 370,000",High,955 sq. ft.,Freehold
"Jalan Sungai Long, Bandar Baru Sungai Long, 43000, 43000, Se...","3 Bedroom(s),2 Bathroom(s),1 Parking Bay(s)",3.046647,https://www.iproperty.com.my/property/green-acre-kajang-4995592,101.805206,"Green Acre, Kajang","RM 350,000",High,"1,012 sq. ft.",Freehold
"Jalan Bahagia 10, Taman Sri Bahagia, 56000 Cheras,, 43000, K...","3 Bedroom(s),2 Bathroom(s)",3.059611,https://www.iproperty.com.my/property/sri-bahagia-court-cheras-5567111,101.752251,"Sri Bahagia Court, Cheras","RM 305,000",High,833 sq. ft.,Freehold
"Jalan Sungai Long, Bandar Baru Sungai Long, 43000, 43000, Se...","3 Bedroom(s),2 Bathroom(s),2 Parking Bay(s)",0,https://www.iproperty.com.my/property/forest-green-kajang-4447632,0,"Forest Green, Bandar Sungai Long, Kajang","RM 360,000",High,958 sq. ft.,Freehold
"Jalan Sri Mujur 6, Taman Sri Mujur, 43200, Selangor","1 Bedroom(s),1 Bathroom(s)",3.075206,https://www.iproperty.com.my/property/you-residences-cheras-4598689,101.763858,"You Residences, Batu 9 Cheras, Cheras","RM 300,000",High,533 sq. ft.,Freehold
"Jalan Bukit Mutiara 4, Taman Bukit Mutiara, 43000, Selangor","3 Bedroom(s),2 Bathroom(s),2 Parking Bay(s)",0,https://www.iproperty.com.my/property/pangsapuri-saujana-permai-kajang-5567985,0,"Pangsapuri Saujana Permai, Mutiara Height, Ka..","RM 305,000",High,"1,001 sq. ft.",Freehold
"Jalan Bandar Puchong Jaya, Bandar Puchong Jaya, 47, 47100, S...","3 Bedroom(s),2 Bathroom(s),1 Parking Bay(s)",3.06125,https://www.iproperty.com.my/property/sri-tanjung-puchong-5431841,101.625809,"Sri Tanjung, Puchong","RM 350,000",High,"1,010 sq. ft.",Freehold
"Jalan PJU 1A/3, Ara Damansara, 47301, Selangor","Studio Bedroom(s),1 Bathroom(s),1 Parking Bay(s)",3.122416,https://www.iproperty.com.my/property/maisson-ara-damansara-5396924,101.589154,"Maisson, Ara Damansara","RM 360,000",High,500 sq. ft.,Freehold
"Jalan 14/3 Section 8, 43300, Selangor","3 Bedroom(s),2 Bathroom(s),2 Parking Bay(s)",3.034883,https://www.iproperty.com.my/property/megaria-tulip-seri-kembangan-5414854,101.699324,"Megaria Tulip, Taman Bukit Serdang, Seri Kemb..","RM 318,000",High,830 sq. ft.,Freehold
"Persiaran Kewajipan, USJ 19, 47630, Selangor","3 Bedroom(s),2 Bathroom(s)",,https://www.iproperty.com.my/property/rhythm-avenue-usj-19-usj-1712831,,"Rhythm Avenue Usj 19, Subang Jaya, Usj","RM 365,000",High,910 sq. ft.,Freehold
"Jalan Wawasan 2/3, Pusat Bandar Puchong,, 47100, Selangor","3 Bedroom(s),2 Bathroom(s),1 Parking Bay(s)",3.030208,https://www.iproperty.com.my/property/akasia-apartments-puchong-4023120,101.619816,"Akasia Apartments, Pusat Bandar Puchong, Puch..","RM 345,000",High,818 sq. ft.,Freehold
"Jalan Setia Permai U13 40170 Shah Alam, 40170, Selangor","3 Bedroom(s),2 Bathroom(s),2 Parking Bay(s)",3.131582,https://www.iproperty.com.my/property/seri-pinang-shah-alam-4959864,101.466948,"Seri Pinang, Setia Alam, Shah Alam","RM 300,000",High,850 sq. ft.,Freehold
"Jalan Pipit, Bandar Puchong Jaya, 47100, Selangor","3 Bedroom(s),2 Bathroom(s),1 Parking Bay(s)",3.068085,https://www.iproperty.com.my/property/villamas-apartment-puchong-4495065,101.623985,"Villamas Apartment, Puchong","RM 350,000",High,"1,058 sq. ft.",Freehold
"Persiaran Kewajipan, USJ 19, 47630, Selangor","3 Bedroom(s),2 Bathroom(s)",3.043901,https://www.iproperty.com.my/property/rhythm-avenue-usj-19-usj-668631,101.58065,"Rhythm Avenue Usj 19, Subang Jaya, Usj","RM 330,000",High,821 sq. ft.,Freehold
"Jalan Pahlawan 1, Bandar Mahkota Cheras, Selangor","3+1 Bedroom(s),2 Bathroom(s),2 Parking Bay(s)",3.06606,https://www.iproperty.com.my/property/suria-residence-cheras-5523208,101.786338,"Suria Residence, Cheras South, Cheras","RM 328,000",High,"1,057 sq. ft.",Freehold
"Jalan Wawasan 2/3, Pusat Bandar Puchong, 47100 Puc, 47100, S...","3 Bedroom(s),2 Bathroom(s),1 Parking Bay(s)",3.029751,https://www.iproperty.com.my/property/kenanga-apartments-puchong-5093046,101.620911,"Kenanga Apartments, Puchong","RM 365,000",High,883 sq. ft.,Freehold
"Jalan Cheras, 43200, Selangor","Studio Bedroom(s),1 Bathroom(s)",3.072283,https://www.iproperty.com.my/property/you-city-%40-cheras--residences--retail-cheras-5245012,101.763675,"You City @ Cheras - Residences & Retail, Batu..","RM 340,000",High,533 sq. ft.,Freehold
"Jalan Wawasan 4/12, Taman Wawasan,, 47100, Selangor","3 Bedroom(s),2 Bathroom(s)",3.031616,https://www.iproperty.com.my/property/pangsapuri-saraka-puchong-5556060,101.627344,"Pangsapuri Saraka, Puchong","RM 377,000",High,900 sq. ft.,Freehold
"Batu 9, Selangor","3 Bedroom(s),2 Bathroom(s),1 Parking Bay(s)",3.068518,https://www.iproperty.com.my/property/sering-akasia-cheras-5025066,101.770423,"Sering Akasia, Taman Sungai Sering,Batu 9, Ch..","RM 375,000",High,972 sq. ft.,Freehold
"Jalan PJU 1A/3, Ara Damansara, 47301, Selangor","1 Bedroom(s),1 Bathroom(s),1 Parking Bay(s)",3.122806,https://www.iproperty.com.my/property/maisson-ara-damansara-5515057,101.583772,"Maisson, Ara Damansara","RM 345,000",High,500 sq. ft.,Freehold
"Gombak, Batu Caves, Selangor, 68100, Selangor","3 Bedroom(s),2 Bathroom(s),2 Parking Bay(s)",3.253582,https://www.iproperty.com.my/property/amara-boulevard-and-service-residences-batu-caves-5542084,101.669762,"Amara Boulevard And Service Residences, Batu ..","RM 325,000",High,829 sq. ft.,Freehold
"Persiaran Kewajipan, USJ 19, 47630, Selangor","2 Bedroom(s),1 Bathroom(s)",,https://www.iproperty.com.my/property/rhythm-avenue-usj-19-usj-5558675,,"Rhythm Avenue Usj 19, Subang Jaya, Usj","RM 320,000",High,640 sq. ft.,Freehold
"Jalan Setia Permai U13 40170 Shah Alam, 40170, Selangor","3 Bedroom(s),2 Bathroom(s),2 Parking Bay(s)",3.127685,https://www.iproperty.com.my/property/seri-pinang-shah-alam-5546576,101.473513,"Seri Pinang, Setia Alam, Shah Alam","RM 312,000",High,850 sq. ft.,Freehold
"Jalan Cheras Perdana, 43200, Selangor","1 Bedroom(s),1 Bathroom(s),1 Parking Bay(s)",3.041601,https://www.iproperty.com.my/property/livia-c180-cheras-2691256,101.764908,"Livia C180, Cheras","RM 340,000",High,551 sq. ft.,Freehold
"Gombak, Batu Caves, Selangor, 68100, Selangor","3 Bedroom(s),2 Bathroom(s),1 Parking Bay(s)",3.253582,https://www.iproperty.com.my/property/amara-boulevard-and-service-residences-batu-caves-5373348,101.669762,"Amara Boulevard And Service Residences, Batu ..","RM 300,000",High,829 sq. ft.,Freehold
"Jalan PJU 1A/3, Ara Damansara, 47301, Selangor","Studio Bedroom(s),1 Bathroom(s),1 Parking Bay(s)",3.122416,https://www.iproperty.com.my/property/maisson-ara-damansara-5535282,101.589154,"Maisson, Ara Damansara","RM 340,000",High,500 sq. ft.,Freehold
"Lot 507, Taman Sutera, Bukit Angkat, Sg. Chua, 43000, Selang...","2 Bedroom(s),2 Bathroom(s),2 Parking Bay(s)",,https://www.iproperty.com.my/property/residensi-sutera-7-kajang-5279918,,"Residensi Sutera 7, Kajang","RM 305,000",High,872 sq. ft.,Freehold
"Jalan Cemara, Taman Bukit Serdang, 43300, Selangor","3 Bedroom(s),2 Bathroom(s),1 Parking Bay(s)",3.042718,https://www.iproperty.com.my/property/villa-park-seri-kembangan-4206734,101.689544,"Villa Park, Seri Kembangan","RM 368,000",High,956 sq. ft.,Freehold
"Lengkok Cp 1A, Cheras Perdana, Selangor","3 Bedroom(s),3 Bathroom(s),1 Parking Bay(s)",3.047502,https://www.iproperty.com.my/property/cheras-perdana-ria-apartment-cheras-5503518,101.770255,"Cheras Perdana Ria Apartment, Batu 9Th Cheras..","RM 325,000",High,"1,200 sq. ft.",Freehold
"Persiaran Puchong Jaya Selatan, Bandar Bandar Jaya, 47100, S...","3 Bedroom(s),2 Bathroom(s)",3.041269,https://www.iproperty.com.my/property/sutramas-puchong-5451517,101.623848,"Sutramas, Puchong","RM 300,000",High,815 sq. ft.,Freehold
"Jalan Bukit Mutiara 4, Taman Bukit Mutiara, 43000, Selangor","3 Bedroom(s),2 Bathroom(s),1 Parking Bay(s)",3.01258,https://www.iproperty.com.my/property/pangsapuri-saujana-permai-kajang-5561269,101.811356,"Pangsapuri Saujana Permai, Mutiara Height, Ka..","RM 300,000",High,"10,069 sq. ft.",Freehold
"Taman Puteri Cheras, 43200, Selangor","2+1 Bedroom(s),2 Bathroom(s),2 Parking Bay(s)",3.078674,https://www.iproperty.com.my/property/townhouse-cheras-5166085,101.774276,"Taragon Puteri Cheras, Cheras","RM 340,000",High,923 sq. ft.,Freehold
"Jalan Wawasan 4/12, Taman Wawasan,, 47100, Selangor","3 Bedroom(s),2 Bathroom(s),1 Parking Bay(s)",3.032976,https://www.iproperty.com.my/property/pangsapuri-saraka-puchong-5383622,101.627736,"Pangsapuri Saraka, Puchong","RM 378,000",High,900 sq. ft.,Freehold
"Jalan PBS 14/2,, Selangor","3 Bedroom(s),2 Bathroom(s),1 Parking Bay(s)",3.043283,https://www.iproperty.com.my/property/villa-pavilion-seri-kembangan-5244252,101.694152,"Villa Pavilion, Taman Bukit Serdang, Seri Kem..","RM 365,000",High,"1,043 sq. ft.",Freehold
"Persiaran Bestari,, 63000, Selangor","1 Bedroom(s),1 Bathroom(s),1 Parking Bay(s)",2.922936,https://www.iproperty.com.my/property/solstice-%40-pan%27gaea-cyberjaya-5508810,101.637351,"Solstice @ Pan'gaea, Cyberjaya","RM 308,000",High,450 sq. ft.,Freehold
"Persiaran Kewajipan, USJ 19, 47630, Selangor","3 Bedroom(s),2 Bathroom(s)",3.043901,https://www.iproperty.com.my/property/rhythm-avenue-usj-19-usj-3552847,101.58065,"Rhythm Avenue Usj 19, Subang Jaya, Usj","RM 360,000",High,920 sq. ft.,Freehold
"Jalan USJ 6/1, USJ 6, 47650, Selangor","3 Bedroom(s),2 Bathroom(s),1 Parking Bay(s)",3.055593,https://www.iproperty.com.my/property/subang-perdana-goodyear-court-1-subang-jaya-5564552,101.591103,"Subang Perdana Goodyear Court 1, Usj, Subang ..","RM 380,000",High,860 sq. ft.,Freehold
"Jalan Setia Permai U13 40170 Shah Alam, 40170, Selangor","3 Bedroom(s),2 Bathroom(s),2 Parking Bay(s)",3.131683,https://www.iproperty.com.my/property/seri-pinang-setia-alam-5537589,101.466658,"Seri Pinang, Shah Alam, Setia Alam","RM 318,000",High,850 sq. ft.,Freehold
"Sunsuria City, Salak Tinggi, Sepang, 43900, Selangor","1 Bathroom(s),1 Parking Bay(s)",2.820311,https://www.iproperty.com.my/property/bell-suites-sepang-5248725,101.702862,"Bell Suites, Salak Tinggi, Sepang","RM 320,000",High,450 sq. ft.,Freehold
"Jalan USJ 21/10, Off LDP Highway, 47630, Selangor","2 Bedroom(s),1 Bathroom(s)",,https://www.iproperty.com.my/property/the-main-place-residence-subang-jaya-5333437,,"The Main Place Residence, Subang Jaya","RM 380,000",High,615 sq. ft.,Freehold
"Jalan USJ 21/10, Off LDP Highway, 47630, Selangor","1 Bedroom(s),1 Bathroom(s),1 Parking Bay(s)",,https://www.iproperty.com.my/property/the-main-place-residence-subang-jaya-5333422,,"The Main Place Residence, Subang Jaya","RM 340,000",High,419 sq. ft.,Freehold
"Gombak, Batu Caves, Selangor, 68100, Selangor","3 Bedroom(s),2 Bathroom(s),2 Parking Bay(s)",3.253582,https://www.iproperty.com.my/property/amara-boulevard-and-service-residences-batu-caves-5327561,101.669762,"Amara Boulevard And Service Residences, Batu ..","RM 330,000",High,"1,012 sq. ft.",Freehold
"Jalan Cheras Intan 3/2 , Selangor","3 Bedroom(s),2 Bathroom(s),2 Parking Bay(s)",3.063268,https://www.iproperty.com.my/property/cheras-court(hulu-langat)-hulu-langat-5563568,101.775482,"Cheras Court(Hulu Langat), Hulu Langat","RM 335,000",High,"1,052 sq. ft.",Freehold
"Jalan Mawar, Off Persiaran Jubli Perak, Shah Alam, 40300, Se...","3 Bedroom(s),2 Bathroom(s),2 Parking Bay(s)",3.067067,https://www.iproperty.com.my/property/alam-idaman-shah-alam-5445383,101.55452,"Alam Idaman, Shah Alam","RM 350,000",High,926 sq. ft.,Freehold
"Persiaran Multimedia, 63000, Selangor","1 Bedroom(s),1 Bathroom(s),1 Parking Bay(s)",,https://www.iproperty.com.my/property/d%27pulze-cyberjaya-cyberjaya-5567627,,"D'pulze Cyberjaya, Cyberjaya","RM 348,000",High,558 sq. ft.,Freehold
"Prima Saujana Permai, 43000, Selangor","3 Bedroom(s),2 Bathroom(s),2 Parking Bay(s)",3.01258,https://www.iproperty.com.my/property/pangsapuri-saujana-permai-kajang-4921923,101.811356,"Pangsapuri Saujana Permai, Mutiara Height ,Ka..","RM 308,000",High,"1,069 sq. ft.",Freehold
"Gombak, Batu Caves, Selangor, 68100, Selangor","3 Bedroom(s),2 Bathroom(s),2 Parking Bay(s)",3.253582,https://www.iproperty.com.my/property/amara-boulevard-and-service-residences-batu-caves-3965557,101.669762,"Amara Boulevard And Service Residences, Batu ..","RM 300,000",High,829 sq. ft.,Freehold
"Persiaran Indera, Bandar Puteri, Puchong, 47100, Selangor","3 Bedroom(s),2 Bathroom(s),1 Parking Bay(s)",3.020098,https://www.iproperty.com.my/property/sri-cassia-puchong-4572062,101.626754,"Sri Cassia, Puchong","RM 378,000",High,850 sq. ft.,Freehold
"Jalan USJ 25/1, Subang Jaya, Selangor, 47650, Selangor","1 Bedroom(s),1 Bathroom(s)",3.02099,https://www.iproperty.com.my/property/the-square-%40-one-city-subang-jaya-4599956,101.581896,"The Square @ One City, Subang Jaya","RM 360,000",High,506 sq. ft.,Freehold
"Jalan USJ 25/1, Subang Jaya, Selangor, 47650, Selangor","1 Bedroom(s),1 Bathroom(s)",3.02023,https://www.iproperty.com.my/property/the-square-%40-one-city-subang-jaya-4632411,101.579541,"The Square @ One City, Subang Jaya","RM 375,000",High,549 sq. ft.,Freehold
"63000, Selangor","3 Bedroom(s),2 Bathroom(s),2 Parking Bay(s)",2.925088,https://www.iproperty.com.my/property/serin-residency-cyberjaya-5571488,101.657381,"Serin Residency, Cyberjaya","RM 380,000",High,965 sq. ft.,Freehold
"Persiaran Setia Perdana, 40170, Selangor","Studio Bedroom(s),1 Bathroom(s),1 Parking Bay(s)",3.114548,https://www.iproperty.com.my/property/education-city-sentral-shah-alam-5235347,101.453676,"Education City Sentral, Setia Alam, Shah Alam","RM 320,000",High,502 sq. ft.,Freehold
"Persiaran Indera, Pusat Bandar Puchong, 47100 Puch, 47100, S...","3 Bedroom(s),2 Bathroom(s),1 Parking Bay(s)",3.026462,https://www.iproperty.com.my/property/desa-tanjung-puchong-5530472,101.628906,"Desa Tanjung, Puchong","RM 335,000",High,850 sq. ft.,Freehold
"Gombak, Batu Caves, Selangor, 68100, Selangor","3 Bedroom(s),2 Bathroom(s),2 Parking Bay(s)",3.253582,https://www.iproperty.com.my/property/amara-boulevard-and-service-residences-batu-caves-5374188,101.669762,"Amara Boulevard And Service Residences, Batu ..","RM 310,000",High,829 sq. ft.,Freehold
"1Jalan PJU 3/23 Section 13, 41050, Selangor","3 Bedroom(s),2 Bathroom(s),1 Parking Bay(s)",3.167653,https://www.iproperty.com.my/property/palm-spring-%40-damansara-petaling-jaya-5409586,101.598712,"Palm Spring @ Damansara, Kota Damansara, Peta..","RM 380,000",High,916 sq. ft.,Freehold
"Jalan Pahlawan 1, Bandar Mahkota Cheras, Selangor","3 Bedroom(s),2 Bathroom(s),2 Parking Bay(s)",,https://www.iproperty.com.my/property/suria-residence-cheras-5241687,,"Suria Residence, Cheras South, Cheras","RM 328,000",High,"1,247 sq. ft.",Freehold
"Persiaran Seri Timah, Taman Seri Timah, 43300, Selangor","3 Bedroom(s),2 Bathroom(s)",3.023687,https://www.iproperty.com.my/property/juta-mines-balakong-5555920,101.729729,"Juta Mines, Balakong","RM 300,000",High,947 sq. ft.,Freehold
"Jalan Belimbing Indah, Taman Bukit Belimbing, 4330, 43300, S...","3 Bedroom(s),2 Bathroom(s),1 Parking Bay(s)",3.031841,https://www.iproperty.com.my/property/pangsapuri-belimbing-heights-serdang-5473242,101.729881,"Pangsapuri Belimbing Heights, Seri Kembangan,..","RM 330,000",High,956 sq. ft.,Freehold
"Jalan Setia Permai U13 40170 Shah Alam, 40170, Selangor","3 Bedroom(s),2 Bathroom(s),2 Parking Bay(s)",3.127685,https://www.iproperty.com.my/property/seri-pinang-setia-alam-5548571,101.473513,"Seri Pinang, Shah Alam, Setia Alam","RM 300,000",High,850 sq. ft.,Freehold
"Prima Saujana Permai, 43000, Selangor","3 Bedroom(s),2 Bathroom(s),2 Parking Bay(s)",3.01258,https://www.iproperty.com.my/property/pangsapuri-saujana-permai-kajang-5212480,101.811356,"Pangsapuri Saujana Permai, Mutiara Height ,Ka..","RM 300,000",High,"1,001 sq. ft.",Freehold
"Jalan Bukit Mutiara 4, Taman Bukit Mutiara, 43000, Selangor","3 Bedroom(s),2 Bathroom(s),2 Parking Bay(s)",3.01258,https://www.iproperty.com.my/property/pangsapuri-saujana-permai-kajang-5263115,101.811356,"Pangsapuri Saujana Permai, Mutiara Height, Ka..","RM 320,000",High,"1,055 sq. ft.",Freehold
"Jln Prima 1, Persiaran Puchong Permai,, 47100, Selangor","3 Bedroom(s),2 Bathroom(s),1 Parking Bay(s)",2.995244,https://www.iproperty.com.my/property/desa-impiana-puchong-5554792,101.593327,"Desa Impiana, Puchong","RM 370,000",High,"1,068 sq. ft.",Freehold
"Persiaran Multimedia, 63000, Selangor","1 Bedroom(s),1 Bathroom(s)",2.92162,https://www.iproperty.com.my/property/d%27pulze-cyberjaya-cyberjaya-4250566,101.651689,"D'pulze Cyberjaya, Cyberjaya","RM 320,000",High,558 sq. ft.,Freehold
"Jalan Puchong, Off Old Klang Road, 58200, Kuala Lumpur","3 Bedroom(s),2 Bathroom(s),1 Parking Bay(s)",3.068471,https://www.iproperty.com.my/property/oug-parklane-old-klang-road-2690619,101.656483,"Oug Parklane, Old Klang Road","RM 350,000",High,950 sq. ft.,Freehold
"USJ 19, Selangor","2 Bedroom(s),2 Bathroom(s)",3.032226,https://www.iproperty.com.my/property/rhythm-avenue-usj-19-usj-5266985,101.588699,"Rhythm Avenue Usj 19, Subang Jaya, Usj","RM 360,000",High,769 sq. ft.,Freehold
Selangor,"3 Bedroom(s),2 Bathroom(s),2 Parking Bay(s)",3.045976,https://www.iproperty.com.my/property/green-suria-apartment-cheras-5211068,101.744935,"Green Suria Apartment, Bandar Tun Hussein Onn..","RM 345,000",High,"1,028 sq. ft.",Freehold
"Batu 9 Cheras, Selangor","1 Bedroom(s),2 Bathroom(s),2 Parking Bay(s)",3.074683,https://www.iproperty.com.my/property/you-vista-cheras-5376785,101.768661,"You Vista, Batu 9Th Cheras, Cheras","RM 350,000",High,523 sq. ft.,Freehold
"Desa 1/16, Selangor","3 Bedroom(s),2 Bathroom(s)",3.375655,https://www.iproperty.com.my/property/2-sty-terrace-link-house-rawang-4559337,101.551437,"Bandar Country Home, Rawang","RM 348,000",High,"1,300 sq. ft.",Freehold
"68000, Selangor","Studio Bedroom(s),1 Bathroom(s),1 Parking Bay(s)",3.216109,https://www.iproperty.com.my/property/gaya-%40-melawati-ampang-5516986,101.748114,"Gaya @ Melawati, Pusat Bandar Melawati, Ampan..","RM 370,000",High,490 sq. ft.,Freehold
"Jalan PJS 11/7, Selangor","2+1 Bedroom(s),2 Bathroom(s),1 Parking Bay(s)",3.069763,https://www.iproperty.com.my/property/nadayu28-bandar-sunway-5561058,101.603303,"Nadayu28, Bandar Sunway","RM 340,000",High,800 sq. ft.,Freehold
"Prima Saujana Permai, 43000, Selangor","3 Bedroom(s),2 Bathroom(s)",3.01258,https://www.iproperty.com.my/property/pangsapuri-saujana-permai-kajang-4486031,101.811356,"Pangsapuri Saujana Permai, Mutiara Height, Ka..","RM 300,000",High,"1,001 sq. ft.",Freehold
"Jalan Gombak Sejahtera, 53000, Kuala Lumpur","2 Bedroom(s),1 Bathroom(s),1 Parking Bay(s)",3.19793,https://www.iproperty.com.my/property/mh-platinum-residences-setapak-5539107,101.705527,"Mh Platinum Residences, Setapak","RM 360,000",High,647 sq. ft.,Freehold
"Jalan USJ 21/10, Off LDP Highway, 47630, Selangor","2 Bedroom(s),1 Bathroom(s)",3.027898,https://www.iproperty.com.my/property/the-main-place-residence-subang-jaya-5190792,101.590147,"The Main Place Residence, Subang Jaya","RM 378,000",High,615 sq. ft.,Freehold
"Persiaran Meranti, PJU 9, 52200, Selangor","3 Bedroom(s),2 Bathroom(s),1 Parking Bay(s)",3.188376,https://www.iproperty.com.my/property/sd-apartments-petaling-jaya-5556480,101.604308,"Sd Apartments, Bandar Sri Damansara, Petaling..","RM 328,000",High,811 sq. ft.,Freehold
